<Schema name="SDW_2018">
  <Dimension type="StandardDimension" visible="true" highCardinality="false" name="barrio">
    <Hierarchy name="barrio" visible="true" hasAll="true" primaryKey="id_barrio">
      <Table name="barrio" schema="public">
      </Table>
      <Level name="nom_barrio" visible="true" table="barrio" column="nom_barrio" type="String" uniqueMembers="true" levelType="Regular" hideMemberIf="Never">
      </Level>
    </Hierarchy>
  </Dimension>
  <Dimension type="StandardDimension" visible="true" highCardinality="false" name="ccz_municipio">
    <Hierarchy name="ccz_municipio" visible="true" hasAll="true" primaryKey="id_ccz_municipio">
      <Table name="ccz_municipio" schema="public">
      </Table>
      <Level name="municipio" visible="true" table="ccz_municipio" column="municipio" type="String" uniqueMembers="true" levelType="Regular" hideMemberIf="Never">
      </Level>
      <Level name="ccz" visible="true" table="ccz_municipio" column="ccz" type="String" uniqueMembers="true" levelType="Regular" hideMemberIf="Never">
      </Level>
    </Hierarchy>
  </Dimension>
  <Dimension type="StandardDimension" visible="true" highCardinality="false" name="horario">
    <Hierarchy name="horario" visible="true" hasAll="true" primaryKey="id_horario">
      <Table name="horario" schema="public">
      </Table>
      <Level name="tipo_rango" visible="true" table="horario" column="tipo_rango" type="String" uniqueMembers="true" levelType="Regular" hideMemberIf="Never">
      </Level>
      <Level name="rango_horario" visible="true" table="horario" column="rango_horario" type="String" uniqueMembers="true" levelType="Regular" hideMemberIf="Never">
      </Level>
    </Hierarchy>
  </Dimension>
  <Dimension type="StandardDimension" visible="true" highCardinality="false" name="tiempo">
    <Hierarchy name="tiempo" visible="true" hasAll="true" primaryKey="id_tiempo">
      <Table name="tiempo" schema="public">
      </Table>
      <Level name="tipo_dia" visible="true" table="tiempo" column="tipo_dia" type="String" uniqueMembers="true" levelType="Regular" hideMemberIf="Never">
      </Level>
      <Level name="nom_dia" visible="true" table="tiempo" column="nom_dia" type="String" uniqueMembers="true" levelType="Regular" hideMemberIf="Never">
      </Level>
    </Hierarchy>
  </Dimension>
  <Dimension type="StandardDimension" visible="true" highCardinality="false" name="contenedor_residuos">
    <Hierarchy name="contenedor_residuos" visible="true" hasAll="true" primaryKey="id_contenedor_res">
      <Table name="contenedor_residuos" schema="public">
      </Table>
      <Level name="municipio" visible="true" table="contenedor_residuos" column="municipio" type="String" uniqueMembers="true" levelType="Regular" hideMemberIf="Never">
      </Level>
      <Level name="circuito" visible="true" table="contenedor_residuos" column="circuito" type="String" uniqueMembers="true" levelType="Regular" hideMemberIf="Never">
      </Level>
    </Hierarchy>
  </Dimension>
  <Cube name="Recoleccion_residuos" visible="true" cache="true" enabled="true">
    <Table name="recoleccion_cont_residuos" schema="public">
    </Table>
    <DimensionUsage source="barrio" name="barrio" visible="true" foreignKey="id_barrio" highCardinality="false">
    </DimensionUsage>
    <DimensionUsage source="ccz_municipio" name="ccz_municipio" visible="true" foreignKey="id_ccz_municipio" highCardinality="false">
    </DimensionUsage>
    <DimensionUsage source="horario" name="horario" visible="true" foreignKey="id_horario" highCardinality="false">
    </DimensionUsage>
    <DimensionUsage source="tiempo" name="tiempo" visible="true" foreignKey="id_tiempo" highCardinality="false">
    </DimensionUsage>
    <DimensionUsage source="contenedor_residuos" name="contenedor_residuos" visible="true" foreignKey="id_contenedor_res" highCardinality="false">
    </DimensionUsage>
    <Measure name="frec_rec" column="frec_recoleccion" datatype="Integer" aggregator="min" visible="false">
    </Measure>
    <Measure name="cant_contenedores" column="id_contenedor_res" datatype="Integer" aggregator="distinct-count" visible="true">
    </Measure>
    <CalculatedMember name="frecuencia" formula="iif([barrio].Level.ordinal &#62; 0 or [ccz_municipio].Level.ordinal &#62; 0 or [horario].Level.ordinal &#62; 0, -1, iif([tiempo].Level.ordinal &#60;= 1, SUM(descendants([tiempo].currentmember,,LEAVES),[Measures].[frec_rec]), iif([tiempo].Level.ordinal = 2, [Measures].[frec_rec],-1)))" dimension="Measures" visible="true">
    </CalculatedMember>
  </Cube>
  <Cube name="Hogar_contenedor" visible="true" cache="true" enabled="true">
    <Table name="hogar_contenedor" schema="public">
    </Table>
    <Dimension type="StandardDimension" visible="true" foreignKey="id_hogar" highCardinality="false" name="hogar">
      <Hierarchy name="tipo_hogar" visible="true" hasAll="true" primaryKey="id_hogar">
        <Table name="hogar" schema="public">
        </Table>
        <Level name="tipo_hogar" visible="true" column="tipo_hogar" type="Integer" uniqueMembers="true" levelType="Regular" hideMemberIf="Never">
        </Level>
      </Hierarchy>
      <Hierarchy name="sanitaria" visible="true" hasAll="true" primaryKey="id_hogar">
        <Table name="hogar" schema="public">
        </Table>
        <Level name="sanitaria" visible="true" column="sanitaria" type="String" uniqueMembers="true" levelType="Regular" hideMemberIf="Never">
        </Level>
      </Hierarchy>
      <Hierarchy name="estrato_social" visible="true" hasAll="true" primaryKey="id_hogar">
        <Table name="hogar" schema="public">
        </Table>
        <Level name="estrato_social" visible="true" column="estrato_social" type="String" uniqueMembers="true" levelType="Regular" hideMemberIf="Never">
        </Level>
      </Hierarchy>
      <Hierarchy name="asentamiento" visible="true" hasAll="true" primaryKey="id_hogar">
        <Table name="hogar" schema="public">
        </Table>
        <Level name="asentamiento" visible="true" column="asentamiento" type="String" uniqueMembers="true" levelType="Regular" hideMemberIf="Never">
        </Level>
      </Hierarchy>
      <Hierarchy name="num_hogar" visible="false" hasAll="true" primaryKey="id_hogar">
        <Table name="hogar">
        </Table>
        <Level name="num_hogar" visible="false" column="numero" type="String" uniqueMembers="true" levelType="Regular" hideMemberIf="Never">
        </Level>
      </Hierarchy>
    </Dimension>
    <Dimension type="StandardDimension" visible="true" foreignKey="id_problema_vivienda" highCardinality="false" name="problema_vivienda">
      <Hierarchy name="problema_vivienda" visible="true" hasAll="true" primaryKey="id_problema_vivienda">
        <Table name="problema_vivienda" schema="public">
        </Table>
        <Level name="problema_vivienda" visible="true" column="descripcion_problema" type="String" uniqueMembers="true" levelType="Regular" hideMemberIf="Never">
        </Level>
      </Hierarchy>
    </Dimension>
    <DimensionUsage source="barrio" name="barrio_hogar" caption="barrio_hogar" visible="true" foreignKey="id_barrio_hogar" highCardinality="false">
    </DimensionUsage>
    <DimensionUsage source="barrio" name="barrio_contenedor" caption="barrio_contenedor" visible="true" foreignKey="id_barrio_cont" highCardinality="false">
    </DimensionUsage>
    <DimensionUsage source="ccz_municipio" name="ccz_municipio_hogar" caption="ccz_municipio_hogar" visible="true" foreignKey="id_ccz_municipio_hogar" highCardinality="false">
    </DimensionUsage>
    <DimensionUsage source="ccz_municipio" name="ccz_municipio_cont" caption="ccz_municipio_cont" visible="true" foreignKey="id_ccz_municipio_cont" highCardinality="false">
    </DimensionUsage>
    <DimensionUsage source="contenedor_residuos" name="contenedor_residuos" visible="true" foreignKey="id_contenedor_res" highCardinality="false">
    </DimensionUsage>
    <Measure name="cant_contenedores" column="id_contenedor_res" datatype="Integer" aggregator="distinct-count" visible="true">
    </Measure>
    <Measure name="cant_hogares" column="id_hogar" datatype="Integer" aggregator="distinct-count" visible="true">
    </Measure>
    <Measure name="cant_mayores_14" column="cant_pers_mayor_14" datatype="Integer" aggregator="min" visible="false">
    </Measure>
    <Measure name="cant_menores_14" column="cant_pers_menor_14" datatype="Integer" aggregator="min" visible="false">
    </Measure>
    <CalculatedMember name="cant_personas_mayores_14" formula="SUM(except(distinct({[hogar.num_hogar].Members}),[hogar.num_hogar].currentmember),[Measures].[cant_mayores_14]) " dimension="Measures" visible="true">
    </CalculatedMember>
    <CalculatedMember name="cant_personas_menores_14" formula="SUM(except(distinct({[hogar.num_hogar].Members}),[hogar.num_hogar].currentmember),[Measures].[cant_menores_14]) " dimension="Measures" visible="true">
    </CalculatedMember>
    <CalculatedMember name="indice_cant_cont_x_cant_pers" formula="([Measures].[cant_contenedores] / ([Measures].[cant_personas_mayores_14] + [Measures].[cant_personas_menores_14]))*100" dimension="Measures" visible="true">
    </CalculatedMember>
    <CalculatedMember name="indice_cant_cont_x_cant_hogares" formula="([Measures].[cant_contenedores] / [Measures].[cant_hogares]) * 100" dimension="Measures" visible="true">
    </CalculatedMember>
  </Cube>
  <Cube name="Empresa_contenedor" visible="true" cache="true" enabled="true">
    <Table name="empresa_contenedor" schema="public">
    </Table>
    <Dimension type="StandardDimension" visible="true" foreignKey="id_empresa" highCardinality="false" name="empresa">
      <Hierarchy name="tipo_empresa" visible="true" hasAll="true" primaryKey="id_empresa">
        <Table name="empresa" schema="public">
        </Table>
        <Level name="tipo_empresa" visible="true" column="tipo_empresa" type="String" uniqueMembers="true" levelType="Regular" hideMemberIf="Never">
        </Level>
      </Hierarchy>
      <Hierarchy name="estado_hab" visible="true" hasAll="true" primaryKey="id_empresa">
        <Table name="empresa" schema="public">
        </Table>
        <Level name="estado_hab" visible="true" column="estado_hab" type="String" uniqueMembers="true" levelType="Regular" hideMemberIf="Never">
        </Level>
      </Hierarchy>
    </Dimension>
    <DimensionUsage source="contenedor_residuos" name="contenedor_residuos" visible="true" foreignKey="id_contenedor_res" highCardinality="false">
    </DimensionUsage>
    <DimensionUsage source="barrio" name="barrio_contenedor" visible="true" foreignKey="id_barrio_cont" highCardinality="false">
    </DimensionUsage>
    <DimensionUsage source="barrio" name="barrio_empresa" visible="true" foreignKey="id_barrio_empresa" highCardinality="false">
    </DimensionUsage>
    <DimensionUsage source="ccz_municipio" name="ccz_municipio_cont" visible="true" foreignKey="id_ccz_municipio_cont" highCardinality="false">
    </DimensionUsage>
    <DimensionUsage source="ccz_municipio" name="ccz_municipio_empresa" visible="true" foreignKey="id_ccz_municipio_empresa" highCardinality="false">
    </DimensionUsage>
    <Measure name="cant_contenedores" column="id_contenedor_res" datatype="Integer" aggregator="distinct-count" visible="true">
    </Measure>
    <Measure name="cant_empresas" column="id_empresa" datatype="Integer" aggregator="distinct-count" visible="true">
    </Measure>
  </Cube>
</Schema>
